,Class,Label,Id,Object_Position,Object_Dimensions,2D_Bounding_Box,3D_Bounding_Box,Distance_From_Camera,Camera_Position
0,Person,Person,2,[ 8.89065552  2.70600128 -2.53668761],[1.6404686  0.96651918 1.64046872],"[[691. 340.]
 [736. 340.]
 [736. 472.]
 [691. 472.]]","[[10.065791   3.2009008 -2.5518627]
 [ 8.906121   3.2013228 -1.3915597]
 [ 7.745822   3.1967015 -2.551224 ]
 [ 8.905492   3.1962795 -3.711527 ]
 [10.06754    2.2343855 -2.5497622]
 [ 8.907871   2.2348073 -1.3894591]
 [ 7.747572   2.2301865 -2.5491238]
 [ 8.907242   2.2297645 -3.7094269]]",9.245460484790556,"172D4270
-0.707254 0.007837 0.706916 12.000556
0.009094 0.999957 -0.001988 3.000752
-0.706901 0.005023 -0.707295 -5.000564
0.000000 0.000000 0.000000 1.000000
"
1,Person,Person,0,[ 8.20986652  2.52468061 -2.61029387],[1.64053023 1.95673096 1.64053071],"[[736. 310.]
 [831. 310.]
 [831. 533.]
 [736. 533.]]","[[ 9.383923   3.5139296 -2.6175919]
 [ 8.224209   3.5143516 -1.4572449]
 [ 7.063866   3.5097303 -2.6169531]
 [ 8.22358    3.5093083 -3.7773004]
 [ 9.387465   1.5572065 -2.6133397]
 [ 8.227751   1.5576285 -1.4529924]
 [ 7.0674076  1.5530072 -2.6127007]
 [ 8.227122   1.5525854 -3.7730482]]",8.614844305058075,"172D4270
-0.707254 0.007837 0.706916 12.000556
0.009094 0.999957 -0.001988 3.000752
-0.706901 0.005023 -0.707295 -5.000564
0.000000 0.000000 0.000000 1.000000
"
