,Class,Label,Id,Object_Position,Object_Dimensions,2D_Bounding_Box,3D_Bounding_Box,Distance_From_Camera,Camera_Position
0,Person,Person,6,[2.76117849 2.11907268 0.87419832],[1.64046633 3.37681293 1.64046645],"[[736. 330.]
 [809. 330.]
 [809. 493.]
 [736. 493.]]","[[ 3.9122834   3.8192558   0.8579397 ]
 [ 2.75279     3.8179352   2.0184152 ]
 [ 1.5923163   3.815163    0.8589233 ]
 [ 2.7518098   3.8164833  -0.30155298]
 [ 3.9182422   0.44244877  0.8600505 ]
 [ 2.7587488   0.4411282   2.0205264 ]
 [ 1.5982752   0.43835562  0.86103374]
 [ 2.7577696   0.4396762  -0.29944178]]",2.8962612747012253,"3820D270
-0.707341 0.009760 0.706805 11.999592
0.008935 0.999948 -0.004866 3.000142
-0.706816 0.002873 -0.707391 -5.000461
0.000000 0.000000 0.000000 1.000000
"
1,Person,Person,1,[3.80846882 2.27175331 3.39996338],[1.64072073 2.70770979 1.64072156],"[[623. 342.]
 [668. 342.]
 [668. 457.]
 [623. 457.]]","[[4.9530563  3.6363826  3.418796  ]
 [3.7933831  3.635062   4.5794525 ]
 [2.6327295  3.632289   3.4197793 ]
 [3.792403   3.6336098  2.2591233 ]
 [4.957835   0.9286776  3.4204895 ]
 [3.7981608  0.9273564  4.5811453 ]
 [2.6375082  0.9245837  3.4214718 ]
 [3.7971814  0.92590463 2.2608154 ]]",5.105309561686124,"3820D270
-0.707341 0.009760 0.706805 11.999592
0.008935 0.999948 -0.004866 3.000142
-0.706816 0.002873 -0.707391 -5.000461
0.000000 0.000000 0.000000 1.000000
"
2,Person,Person,5,[ 2.09201884  1.26918876 10.12242317],[2.48707461 5.54614973 2.48707604],"[[530. 338.]
 [596. 338.]
 [596. 491.]
 [530. 491.]]","[[ 3.8493097   4.0604463  10.092131  ]
 [ 2.091427    4.058444   11.851503  ]
 [ 0.3320605   4.05424    10.09362   ]
 [ 2.0899415   4.0562425   8.3342495 ]
 [ 3.859096   -1.485694   10.095598  ]
 [ 2.101215   -1.487696   11.854969  ]
 [ 0.34184673 -1.4918993  10.097089  ]
 [ 2.0997286  -1.4898968   8.337717  ]]",10.336343343329068,"3820D270
-0.707341 0.009760 0.706805 11.999592
0.008935 0.999948 -0.004866 3.000142
-0.706816 0.002873 -0.707391 -5.000461
0.000000 0.000000 0.000000 1.000000
"
